epoch,acc,learning_rate,loss,val_acc,val_loss
0,0.577446460723877,9.999999747378752e-05,0.6568843722343445,0.275814414024353,0.7030556797981262
1,0.7822391986846924,9.999999747378752e-05,0.4664318561553955,0.22431598603725433,0.8113055229187012
2,0.8143109083175659,9.999999747378752e-05,0.397102415561676,0.2240552008152008,1.1707199811935425
3,0.8340350389480591,9.999999747378752e-05,0.35171690583229065,0.2247002273797989,1.4840608835220337
4,0.8485182523727417,9.999999747378752e-05,0.31505799293518066,0.22688709199428558,1.6318258047103882
